{
    "name": "root",
    "gauges": {
        "TestPlayerAgent.Policy.Entropy.mean": {
            "value": 1.416978359222412,
            "min": 1.416978359222412,
            "max": 1.416978359222412,
            "count": 1
        },
        "TestPlayerAgent.Policy.Entropy.sum": {
            "value": 70908.4296875,
            "min": 70908.4296875,
            "max": 70908.4296875,
            "count": 1
        },
        "TestPlayerAgent.Environment.EpisodeLength.mean": {
            "value": 40.84113712374582,
            "min": 40.84113712374582,
            "max": 40.84113712374582,
            "count": 1
        },
        "TestPlayerAgent.Environment.EpisodeLength.sum": {
            "value": 48846.0,
            "min": 48846.0,
            "max": 48846.0,
            "count": 1
        },
        "TestPlayerAgent.Step.mean": {
            "value": 49992.0,
            "min": 49992.0,
            "max": 49992.0,
            "count": 1
        },
        "TestPlayerAgent.Step.sum": {
            "value": 49992.0,
            "min": 49992.0,
            "max": 49992.0,
            "count": 1
        },
        "TestPlayerAgent.Policy.ExtrinsicValueEstimate.mean": {
            "value": -10.797277450561523,
            "min": -10.797277450561523,
            "max": -10.797277450561523,
            "count": 1
        },
        "TestPlayerAgent.Policy.ExtrinsicValueEstimate.sum": {
            "value": -12902.7470703125,
            "min": -12902.7470703125,
            "max": -12902.7470703125,
            "count": 1
        },
        "TestPlayerAgent.Environment.CumulativeReward.mean": {
            "value": -22.86192468619247,
            "min": -22.86192468619247,
            "max": -22.86192468619247,
            "count": 1
        },
        "TestPlayerAgent.Environment.CumulativeReward.sum": {
            "value": -27320.0,
            "min": -27320.0,
            "max": -27320.0,
            "count": 1
        },
        "TestPlayerAgent.Policy.ExtrinsicReward.mean": {
            "value": -22.86192468619247,
            "min": -22.86192468619247,
            "max": -22.86192468619247,
            "count": 1
        },
        "TestPlayerAgent.Policy.ExtrinsicReward.sum": {
            "value": -27320.0,
            "min": -27320.0,
            "max": -27320.0,
            "count": 1
        },
        "TestPlayerAgent.Losses.PolicyLoss.mean": {
            "value": 0.025095789044644337,
            "min": 0.025095789044644337,
            "max": 0.025095789044644337,
            "count": 1
        },
        "TestPlayerAgent.Losses.PolicyLoss.sum": {
            "value": 0.10038315617857735,
            "min": 0.10038315617857735,
            "max": 0.10038315617857735,
            "count": 1
        },
        "TestPlayerAgent.Losses.ValueLoss.mean": {
            "value": 124.74803250630697,
            "min": 124.74803250630697,
            "max": 124.74803250630697,
            "count": 1
        },
        "TestPlayerAgent.Losses.ValueLoss.sum": {
            "value": 498.9921300252279,
            "min": 498.9921300252279,
            "max": 498.9921300252279,
            "count": 1
        },
        "TestPlayerAgent.Policy.LearningRate.mean": {
            "value": 0.00028461900512699996,
            "min": 0.00028461900512699996,
            "max": 0.00028461900512699996,
            "count": 1
        },
        "TestPlayerAgent.Policy.LearningRate.sum": {
            "value": 0.0011384760205079998,
            "min": 0.0011384760205079998,
            "max": 0.0011384760205079998,
            "count": 1
        },
        "TestPlayerAgent.Policy.Epsilon.mean": {
            "value": 0.19487299999999996,
            "min": 0.19487299999999996,
            "max": 0.19487299999999996,
            "count": 1
        },
        "TestPlayerAgent.Policy.Epsilon.sum": {
            "value": 0.7794919999999999,
            "min": 0.7794919999999999,
            "max": 0.7794919999999999,
            "count": 1
        },
        "TestPlayerAgent.Policy.Beta.mean": {
            "value": 0.0047441626999999995,
            "min": 0.0047441626999999995,
            "max": 0.0047441626999999995,
            "count": 1
        },
        "TestPlayerAgent.Policy.Beta.sum": {
            "value": 0.018976650799999998,
            "min": 0.018976650799999998,
            "max": 0.018976650799999998,
            "count": 1
        },
        "TestPlayerAgent.IsTraining.mean": {
            "value": 1.0,
            "min": 1.0,
            "max": 1.0,
            "count": 1
        },
        "TestPlayerAgent.IsTraining.sum": {
            "value": 1.0,
            "min": 1.0,
            "max": 1.0,
            "count": 1
        }
    },
    "metadata": {
        "timer_format_version": "0.1.0",
        "start_time_seconds": "1667857679",
        "python_version": "3.10.4 (tags/v3.10.4:9d38120, Mar 23 2022, 23:13:41) [MSC v.1929 64 bit (AMD64)]",
        "command_line_arguments": "D:\\Alan\\Arquivos de Programas\\Python310\\Scripts\\mlagents-learn --force --run-id=PlayerAgentTest",
        "mlagents_version": "0.28.0",
        "mlagents_envs_version": "0.28.0",
        "communication_protocol_version": "1.5.0",
        "pytorch_version": "1.12.1+cpu",
        "numpy_version": "1.23.3",
        "end_time_seconds": "1667858662"
    },
    "total": 982.9199516999943,
    "count": 1,
    "self": 0.09965819997887593,
    "children": {
        "run_training.setup": {
            "total": 0.027744300008635037,
            "count": 1,
            "self": 0.027744300008635037
        },
        "TrainerController.start_learning": {
            "total": 982.7925492000068,
            "count": 1,
            "self": 2.4015411979926284,
            "children": {
                "TrainerController._reset_env": {
                    "total": 11.798737300006906,
                    "count": 1,
                    "self": 11.798737300006906
                },
                "TrainerController.advance": {
                    "total": 966.0163655020006,
                    "count": 73504,
                    "self": 2.1070932041911874,
                    "children": {
                        "env_step": {
                            "total": 917.7726199970639,
                            "count": 73504,
                            "self": 802.2226213964168,
                            "children": {
                                "SubprocessEnvManager._take_step": {
                                    "total": 113.94285100037814,
                                    "count": 73504,
                                    "self": 7.1046703006577445,
                                    "children": {
                                        "TorchPolicy.evaluate": {
                                            "total": 106.8381806997204,
                                            "count": 71815,
                                            "self": 20.920446398857166,
                                            "children": {
                                                "TorchPolicy.sample_actions": {
                                                    "total": 85.91773430086323,
                                                    "count": 71815,
                                                    "self": 85.91773430086323
                                                }
                                            }
                                        }
                                    }
                                },
                                "workers": {
                                    "total": 1.607147600268945,
                                    "count": 73503,
                                    "self": 0.0,
                                    "children": {
                                        "worker_root": {
                                            "total": 958.5078805006924,