{
    "name": "root",
    "gauges": {
        "TestPlayerAgent.Policy.Entropy.mean": {
            "value": 1.4099421501159668,
            "min": 1.4099421501159668,
            "max": 1.4165420532226562,
            "count": 2
        },
        "TestPlayerAgent.Policy.Entropy.sum": {
            "value": 72830.5625,
            "min": 72830.5625,
            "max": 78392.8515625,
            "count": 2
        },
        "TestPlayerAgent.Environment.EpisodeLength.mean": {
            "value": 46.93767976989454,
            "min": 44.53412192902639,
            "max": 46.93767976989454,
            "count": 2
        },
        "TestPlayerAgent.Environment.EpisodeLength.sum": {
            "value": 48956.0,
            "min": 48943.0,
            "max": 48956.0,
            "count": 2
        },
        "TestPlayerAgent.Step.mean": {
            "value": 99991.0,
            "min": 49992.0,
            "max": 99991.0,
            "count": 2
        },
        "TestPlayerAgent.Step.sum": {
            "value": 99991.0,
            "min": 49992.0,
            "max": 99991.0,
            "count": 2
        },
        "TestPlayerAgent.Policy.ExtrinsicValueEstimate.mean": {
            "value": -16.501895904541016,
            "min": -16.501895904541016,
            "max": -9.588571548461914,
            "count": 2
        },
        "TestPlayerAgent.Policy.ExtrinsicValueEstimate.sum": {
            "value": -17211.4765625,
            "min": -17211.4765625,
            "max": -10528.251953125,
            "count": 2
        },
        "TestPlayerAgent.Environment.CumulativeReward.mean": {
            "value": -7.401725790987536,
            "min": -19.35336976320583,
            "max": -7.401725790987536,
            "count": 2
        },
        "TestPlayerAgent.Environment.CumulativeReward.sum": {
            "value": -7720.0,
            "min": -21250.0,
            "max": -7720.0,
            "count": 2
        },
        "TestPlayerAgent.Policy.ExtrinsicReward.mean": {
            "value": -7.401725790987536,
            "min": -19.35336976320583,
            "max": -7.401725790987536,
            "count": 2
        },
        "TestPlayerAgent.Policy.ExtrinsicReward.sum": {
            "value": -7720.0,
            "min": -21250.0,
            "max": -7720.0,
            "count": 2
        },
        "TestPlayerAgent.Losses.PolicyLoss.mean": {
            "value": 0.021570464521452472,
            "min": 0.021570464521452472,
            "max": 0.02365226109911115,
            "count": 2
        },
        "TestPlayerAgent.Losses.PolicyLoss.sum": {
            "value": 0.10785232260726237,
            "min": 0.0946090443964446,
            "max": 0.10785232260726237,
            "count": 2
        },
        "TestPlayerAgent.Losses.ValueLoss.mean": {
            "value": 26.728912766774492,
            "min": 26.728912766774492,
            "max": 87.39160979588826,
            "count": 2
        },
        "TestPlayerAgent.Losses.ValueLoss.sum": {
            "value": 133.64456383387247,
            "min": 133.64456383387247,
            "max": 349.56643918355303,
            "count": 2
        },
        "TestPlayerAgent.Policy.LearningRate.mean": {
            "value": 0.00025685689438103995,
            "min": 0.00025685689438103995,
            "max": 0.00028458405513864994,
            "count": 2
        },
        "TestPlayerAgent.Policy.LearningRate.sum": {
            "value": 0.0012842844719051997,
            "min": 0.0011383362205545997,
            "max": 0.0012842844719051997,
            "count": 2
        },
        "TestPlayerAgent.Policy.Epsilon.mean": {
            "value": 0.18561895999999997,
            "min": 0.18561895999999997,
            "max": 0.19486135000000004,
            "count": 2
        },
        "TestPlayerAgent.Policy.Epsilon.sum": {
            "value": 0.9280947999999999,
            "min": 0.7794454000000002,
            "max": 0.9280947999999999,
            "count": 2
        },
        "TestPlayerAgent.Policy.Beta.mean": {
            "value": 0.004282386104,
            "min": 0.004282386104,
            "max": 0.004743581365000001,
            "count": 2
        },
        "TestPlayerAgent.Policy.Beta.sum": {
            "value": 0.021411930519999997,
            "min": 0.018974325460000004,
            "max": 0.021411930519999997,
            "count": 2
        },
        "TestPlayerAgent.IsTraining.mean": {
            "value": 1.0,
            "min": 1.0,
            "max": 1.0,
            "count": 2
        },
        "TestPlayerAgent.IsTraining.sum": {
            "value": 1.0,
            "min": 1.0,
            "max": 1.0,
            "count": 2
        }
    },
    "metadata": {
        "timer_format_version": "0.1.0",
        "start_time_seconds": "1667673013",
        "python_version": "3.10.4 (tags/v3.10.4:9d38120, Mar 23 2022, 23:13:41) [MSC v.1929 64 bit (AMD64)]",
        "command_line_arguments": "D:\\Alan\\Arquivos de Programas\\Python310\\Scripts\\mlagents-learn --force --run-id=PlayerAgentTest",
        "mlagents_version": "0.28.0",
        "mlagents_envs_version": "0.28.0",
        "communication_protocol_version": "1.5.0",
        "pytorch_version": "1.12.1+cpu",
        "numpy_version": "1.23.3",
        "end_time_seconds": "1667674868"
    },
    "total": 1855.2243282999843,
    "count": 1,
    "self": 0.1494041999685578,
    "children": {
        "run_training.setup": {
            "total": 1.3181398999877274,
            "count": 1,
            "self": 1.3181398999877274
        },
        "TrainerController.start_learning": {
            "total": 1853.756784200028,
            "count": 1,
            "self": 4.037644102645572,
            "children": {
                "TrainerController._reset_env": {
                    "total": 108.84332609997364,
                    "count": 1,
                    "self": 108.84332609997364
                },
                "TrainerController.advance": {
                    "total": 1738.3581643973594,
                    "count": 151227,
                    "self": 3.6439811135060154,
                    "children": {
                        "env_step": {
                            "total": 1659.725485281262,
                            "count": 151227,
                            "self": 1460.212192556588,
                            "children": {
                                "SubprocessEnvManager._take_step": {
                                    "total": 196.86623910965864,
                                    "count": 151227,
                                    "self": 12.168320011463948,
                                    "children": {
                                        "TorchPolicy.evaluate": {
                                            "total": 184.6979190981947,
                                            "count": 147963,
                                            "self": 36.265608905639965,
                                            "children": {
                                                "TorchPolicy.sample_actions": {
                                                    "total": 148.43231019255472,
                                                    "count": 147963,
                                                    "self": 148.43231019255472
                                                }
                                            }
                                        }
                                    }
                                },
                                "workers": {
                                    "total": 2.6470536150154658,
                                    "count": 151226,
                                    "self": 0.0,
                                    "children": {
                                        "worker_root": {
                                            "total": 1739.0643999140593,
                                            "count": 151226,