{
    "name": "root",
    "metadata": {
        "timer_format_version": "0.1.0",
        "start_time_seconds": "1667498153",
        "python_version": "3.10.4 (tags/v3.10.4:9d38120, Mar 23 2022, 23:13:41) [MSC v.1929 64 bit (AMD64)]",
        "command_line_arguments": "D:\\Alan\\Arquivos de Programas\\Python310\\Scripts\\mlagents-learn --force --run-id=PlayerAgentTest",
        "mlagents_version": "0.28.0",
        "mlagents_envs_version": "0.28.0",
        "communication_protocol_version": "1.5.0",
        "pytorch_version": "1.12.1+cpu",
        "numpy_version": "1.23.3",
        "end_time_seconds": "1667498370"
    },
    "total": 217.2376554999937,
    "count": 1,
    "self": 0.009866399996099062,
    "children": {
        "run_training.setup": {
            "total": 0.028672200001892634,
            "count": 1,
            "self": 0.028672200001892634
        },
        "TrainerController.start_learning": {
            "total": 217.19911689999572,
            "count": 1,
            "self": 0.15903849994356278,
            "children": {
                "TrainerController._reset_env": {
                    "total": 75.73949060001178,
                    "count": 1,
                    "self": 75.73949060001178
                },
                "TrainerController.advance": {
                    "total": 138.42603200003214,
                    "count": 5979,
                    "self": 0.1479225998336915,
                    "children": {
                        "env_step": {
                            "total": 136.65419300027133,
                            "count": 5979,
                            "self": 127.24286159985058,
                            "children": {
                                "SubprocessEnvManager._take_step": {
                                    "total": 9.299030200083507,
                                    "count": 5979,
                                    "self": 0.5094632004038431,
                                    "children": {
                                        "TorchPolicy.evaluate": {
                                            "total": 8.789566999679664,
                                            "count": 5836,
                                            "self": 1.7467016999435145,
                                            "children": {
                                                "TorchPolicy.sample_actions": {
                                                    "total": 7.04286529973615,
                                                    "count": 5836,
                                                    "self": 7.04286529973615
                                                }
                                            }
                                        }
                                    }
                                },
                                "workers": {
                                    "total": 0.11230120033724234,
                                    "count": 5978,
                                    "self": 0.0,
                                    "children": {
                                        "worker_root": {
                                            "total": 133.82515720037918,
                                            "count": 5978,
                                            "is_parallel": true,
                                            "self": 77.66906800064316,
                                            "children": {
                                                "steps_from_proto": {
                                                    "total": 0.03998779998801183,
                                                    "count": 1,
                                                    "is_parallel": true,
                                                    "self": 0.0002337999758310616,
                                                    "children": {
                                                        "_process_rank_one_or_two_observation": {
                                                            "total": 0.03975400001218077,
                                                            "count": 4,
                                                            "is_parallel": true,
                                                            "self": 0.03975400001218077
                                                        }
                                                    }
                                                },
                                                "UnityEnvironment.step": {
                                                    "total": 56.116101399748004,
                                                    "count": 5978,
                                                    "is_parallel": true,
                                                    "self": 0.7302269003994297,
                                                    "children": {
                                                        "UnityEnvironment._generate_step_input": {
                                                            "total": 0.546894499391783,
                                                            "count": 5978,
                                                            "is_parallel": true,
                                                            "self": 0.546894499391783
                                                        },
                                                        "communicator.exchange": {
                                                            "total": 52.399341099502635,
                                                            "count": 5978,
                                                            "is_parallel": true,
                                                            "self": 52.399341099502635
                                                        },
                                                        "steps_from_proto": {
                                                            "total": 2.439638900454156,
                                                            "count": 5978,
                                                            "is_parallel": true,
                                                            "self": 0.9707187000458362,
                                                            "children": {
                                                                "_process_rank_one_or_two_observation": {
                                                                    "total": 1.46892020040832,
                                                                    "count": 23912,
                                                                    "is_parallel": true,
                                                                    "self": 1.46892020040832
                                                                }
                                                            }
                                                        }
                                                    }
                                                }
                                            }
                                        }
                                    }
                                }
                            }
                        },
                        "trainer_advance": {
                            "total": 1.6239163999271113,
                            "count": 5978,
                            "self": 0.17705449972709175,
                            "children": {
                                "process_trajectory": {
                                    "total": 1.4468619002000196,
                                    "count": 5978,
                                    "self": 1.4468619002000196
                                }
                            }
                        }
                    }
                },