{
    "name": "root",
    "gauges": {
        "MediumPlayer.Policy.Entropy.mean": {
            "value": 1.3954315185546875,
            "min": 1.3954315185546875,
            "max": 1.4166573286056519,
            "count": 8
        },
        "MediumPlayer.Policy.Entropy.sum": {
            "value": 69763.203125,
            "min": 69763.203125,
            "max": 70879.6171875,
            "count": 8
        },
        "MediumPlayer.Environment.EpisodeLength.mean": {
            "value": 36.197916666666664,
            "min": 31.634050880626223,
            "max": 44.47042766151046,
            "count": 8
        },
        "MediumPlayer.Environment.EpisodeLength.sum": {
            "value": 48650.0,
            "min": 48495.0,
            "max": 48873.0,
            "count": 8
        },
        "MediumPlayer.Step.mean": {
            "value": 399963.0,
            "min": 49983.0,
            "max": 399963.0,
            "count": 8
        },
        "MediumPlayer.Step.sum": {
            "value": 399963.0,
            "min": 49983.0,
            "max": 399963.0,
            "count": 8
        },
        "MediumPlayer.Policy.ExtrinsicValueEstimate.mean": {
            "value": -29.358810424804688,
            "min": -41.392234802246094,
            "max": -10.571624755859375,
            "count": 8
        },
        "MediumPlayer.Policy.ExtrinsicValueEstimate.sum": {
            "value": -39458.2421875,
            "min": -63454.296875,
            "max": -12442.802734375,
            "count": 8
        },
        "MediumPlayer.Environment.CumulativeReward.mean": {
            "value": -20.758928571428573,
            "min": -45.12067840834964,
            "max": -10.814376706096452,
            "count": 8
        },
        "MediumPlayer.Environment.CumulativeReward.sum": {
            "value": -27900.0,
            "min": -69170.0,
            "max": -11885.0,
            "count": 8
        },
        "MediumPlayer.Policy.ExtrinsicReward.mean": {
            "value": -20.758928571428573,
            "min": -45.12067840834964,
            "max": -10.814376706096452,
            "count": 8
        },
        "MediumPlayer.Policy.ExtrinsicReward.sum": {
            "value": -27900.0,
            "min": -69170.0,
            "max": -11885.0,
            "count": 8
        },
        "MediumPlayer.Losses.PolicyLoss.mean": {
            "value": 0.02394911662662101,
            "min": 0.02190423435337531,
            "max": 0.025075758063661246,
            "count": 8
        },
        "MediumPlayer.Losses.PolicyLoss.sum": {
            "value": 0.09579646650648405,
            "min": 0.08824663428531494,
            "max": 0.12537879031830623,
            "count": 8
        },
        "MediumPlayer.Losses.ValueLoss.mean": {
            "value": 54.924273554484046,
            "min": 53.32183054606121,
            "max": 126.3015603383382,
            "count": 8
        },
        "MediumPlayer.Losses.ValueLoss.sum": {
            "value": 219.69709421793618,
            "min": 219.69709421793618,
            "max": 505.2062413533528,
            "count": 8
        },
        "MediumPlayer.Policy.LearningRate.mean": {
            "value": 7.532917489029998e-05,
            "min": 7.532917489029998e-05,
            "max": 0.00028462215512595,
            "count": 8
        },
        "MediumPlayer.Policy.LearningRate.sum": {
            "value": 0.0003013166995611999,
            "min": 0.0003013166995611999,
            "max": 0.0012846090717970001,
            "count": 8
        },
        "MediumPlayer.Policy.Epsilon.mean": {
            "value": 0.1251097,
            "min": 0.1251097,
            "max": 0.19487405000000002,
            "count": 8
        },
        "MediumPlayer.Policy.Epsilon.sum": {
            "value": 0.5004388,
            "min": 0.5004388,
            "max": 0.9282030000000001,
            "count": 8
        },
        "MediumPlayer.Policy.Beta.mean": {
            "value": 0.0012629740300000001,
            "min": 0.0012629740300000001,
            "max": 0.0047442150950000005,
            "count": 8
        },
        "MediumPlayer.Policy.Beta.sum": {
            "value": 0.0050518961200000006,
            "min": 0.0050518961200000006,
            "max": 0.021417329699999998,
            "count": 8
        },
        "MediumPlayer.IsTraining.mean": {
            "value": 1.0,
            "min": 1.0,
            "max": 1.0,
            "count": 8
        },
        "MediumPlayer.IsTraining.sum": {
            "value": 1.0,
            "min": 1.0,
            "max": 1.0,
            "count": 8
        }
    },
    "metadata": {
        "timer_format_version": "0.1.0",
        "start_time_seconds": "1669487276",
        "python_version": "3.10.4 (tags/v3.10.4:9d38120, Mar 23 2022, 23:13:41) [MSC v.1929 64 bit (AMD64)]",
        "command_line_arguments": "D:\\Alan\\Arquivos de Programas\\Python310\\Scripts\\mlagents-learn --force --run-id=PlayerAgentTest",
        "mlagents_version": "0.28.0",
        "mlagents_envs_version": "0.28.0",
        "communication_protocol_version": "1.5.0",
        "pytorch_version": "1.12.1+cpu",
        "numpy_version": "1.23.3",
        "end_time_seconds": "1669494379"
    },
    "total": 7102.9151937999995,
    "count": 1,
    "self": 0.00884959998074919,
    "children": {
        "run_training.setup": {
            "total": 0.031732200062833726,
            "count": 1,
            "self": 0.031732200062833726
        },
        "TrainerController.start_learning": {
            "total": 7102.874611999956,
            "count": 1,
            "self": 14.899292660877109,
            "children": {
                "TrainerController._reset_env": {
                    "total": 86.88642669992987,
                    "count": 1,
                    "self": 86.88642669992987
                },
                "TrainerController.advance": {
                    "total": 6998.289274239214,
                    "count": 433106,
                    "self": 13.429381047491916,
                    "children": {
                        "env_step": {
                            "total": 6692.634106186801,
                            "count": 433106,
                            "self": 5919.6362303904025,
                            "children": {
                                "SubprocessEnvManager._take_step": {
                                    "total": 763.3025653747609,
                                    "count": 433106,
                                    "self": 43.58831492252648,
                                    "children": {
                                        "TorchPolicy.evaluate": {
                                            "total": 719.7142504522344,
                                            "count": 421802,
                                            "self": 129.81522073794622,
                                            "children": {
                                                "TorchPolicy.sample_actions": {
                                                    "total": 589.8990297142882,
                                                    "count": 421802,
                                                    "self": 589.8990297142882
                                                }
                                            }
                                        }
                                    }
                                },
                                "workers": {
                                    "total": 9.69531042163726,
                                    "count": 433105,
                                    "self": 0.0,
                                    "children": {
                                        "worker_root": {
                                            "total": 7002.4627597924555,
                                            "count": 433105,
                                            "is_parallel": true,