{"count":1,"self":6111.092736,"total":6794.3436493,"children":{"InitializeActuators":{"count":2066,"self":0.0449698,"total":0.0449698,"children":null},"InitializeSensors":{"count":2066,"self":0.1004598,"total":0.1004598,"children":null},"AgentSendState":{"count":1321584,"self":14.4556208,"total":58.624698699999996,"children":{"CollectObservations":{"count":66080,"self":0.35025799999999996,"total":0.35025799999999996,"children":null},"WriteActionMask":{"count":66080,"self":0.0440188,"total":0.0440188,"children":null},"RequestDecision":{"count":66080,"self":0.6802965,"total":43.7748012,"children":{"AgentInfo.ToProto":{"count":66080,"self":0.8062393,"total":43.094504699999995,"children":{"GenerateSensorData":{"count":66080,"self":41.351104,"total":42.2882654,"children":{"RayPerceptionSensor.Perceive":{"count":66080,"self":0.93716179999999993,"total":0.93716179999999993,"children":null}}}}}}}}},"DecideAction":{"count":1321584,"self":620.7951872,"total":620.7952033,"children":null},"AgentAct":{"count":1321584,"self":2.1629983999999998,"total":2.2889790999999997,"children":{"AgentInfo.ToProto":{"count":230,"self":0.0049997,"total":0.1259807,"children":{"GenerateSensorData":{"count":230,"self":0.12098099999999999,"total":0.12098099999999999,"children":{"RayPerceptionSensor.Perceive":{"count":230,"self":0,"total":0,"children":null}}}}}}},"AgentInfo.ToProto":{"count":2043,"self":0.028987199999999998,"total":1.3966949,"children":{"GenerateSensorData":{"count":2043,"self":1.3376788,"total":1.3677077,"children":{"RayPerceptionSensor.Perceive":{"count":2043,"self":0.030028899999999997,"total":0.030028899999999997,"children":null}}}}}},"gauges":{"MediumPlayer.CumulativeReward":{"count":230,"max":40,"min":-30,"runningAverage":-7.45652151,"value":-10,"weightedAverage":-17.4726658}},"metadata":{"timer_format_version":"0.1.0","start_time_seconds":"1669480487","unity_version":"2021.3.5f1","command_line_arguments":"D:\\Alan\\Arquivos de Programas\\Unity Editors\\2021.3.5f1\\Editor\\Unity.exe -projectpath D:\\Alan\\UnityProjects\\Just Another Sh'm'up -useHub -hubIPC -cloudEnvironment production -licensingIpc LicenseClient-Desktop -hubSessionId 73797010-6d90-11ed-a033-138ae14b1be6 -accessToken wMfL43aYqCWLj6HoZbL8qeu9spL4A2Hvh-4lMH3qqsM004f","communication_protocol_version":"1.5.0","com.unity.ml-agents_version":"2.0.1","scene_name":"EasyTraining1","end_time_seconds":"1669487281"}}