{"count":1,"self":3189.5504895999998,"total":5660.6224578,"children":{"InitializeActuators":{"count":5103,"self":0.0599628,"total":0.0599628,"children":null},"InitializeSensors":{"count":5103,"self":0.15916059999999999,"total":0.15916059999999999,"children":null},"AgentSendState":{"count":7873168,"self":76.065472,"total":258.3827746,"children":{"CollectObservations":{"count":393659,"self":1.312606,"total":1.312606,"children":null},"WriteActionMask":{"count":393659,"self":0.25071119999999997,"total":0.25071119999999997,"children":null},"RequestDecision":{"count":393659,"self":2.697469,"total":180.7539837,"children":{"AgentInfo.ToProto":{"count":393659,"self":2.931996,"total":178.05651469999998,"children":{"GenerateSensorData":{"count":393659,"self":170.8325248,"total":175.1245186,"children":{"RayPerceptionSensor.Perceive":{"count":393659,"self":4.2919912,"total":4.2919912999999994,"children":null}}}}}}}}},"DecideAction":{"count":7873168,"self":2196.8580607999997,"total":2196.8579805,"children":null},"AgentAct":{"count":7873168,"self":10.924844,"total":13.3571495,"children":{"AgentInfo.ToProto":{"count":5346,"self":0.041974,"total":2.4323053,"children":{"GenerateSensorData":{"count":5346,"self":2.3356744,"total":2.3903312999999997,"children":{"RayPerceptionSensor.Perceive":{"count":5346,"self":0.054656899999999994,"total":0.054656899999999994,"children":null}}}}}}},"AgentInfo.ToProto":{"count":5037,"self":0.0399691,"total":2.2519291999999997,"children":{"GenerateSensorData":{"count":5037,"self":2.144999,"total":2.2119600999999998,"children":{"RayPerceptionSensor.Perceive":{"count":5037,"self":0.0669611,"total":0.0669611,"children":null}}}}}},"gauges":{"MediumPlayer.CumulativeReward":{"count":4954,"max":50,"min":-50,"runningAverage":-0.3482036,"value":20,"weightedAverage":18.5619431},"EasyPlayer.CumulativeReward":{"count":392,"max":35,"min":-30,"runningAverage":-3.67346859,"value":-10,"weightedAverage":-3.43977046}},"metadata":{"timer_format_version":"0.1.0","start_time_seconds":"1669165642","unity_version":"2021.3.5f1","command_line_arguments":"D:\\Alan\\Arquivos de Programas\\Unity Editors\\2021.3.5f1\\Editor\\Unity.exe -projectpath D:\\Alan\\UnityProjects\\Just Another Sh'm'up -useHub -hubIPC -cloudEnvironment production -licensingIpc LicenseClient-Desktop -hubSessionId 2a14bd00-6a55-11ed-8e5c-bb25b2e32466 -accessToken vUBy4HFCuA9B0odi1StjDPRQwutYw8qmyXFVtpAAvxc004f","communication_protocol_version":"1.5.0","com.unity.ml-agents_version":"2.0.1","scene_name":"MediumTraining3","end_time_seconds":"1669171302"}}