{"count":1,"self":3811.9993344,"total":7017.2486372999992,"children":{"InitializeActuators":{"count":5699,"self":0.090463599999999991,"total":0.090463599999999991,"children":null},"InitializeSensors":{"count":5699,"self":0.2348605,"total":0.2348605,"children":null},"AgentSendState":{"count":8436051,"self":78.6106176,"total":298.6726384,"children":{"CollectObservations":{"count":421803,"self":1.4233594999999999,"total":1.4233594999999999,"children":null},"WriteActionMask":{"count":421803,"self":0.3388103,"total":0.3388103,"children":null},"RequestDecision":{"count":421803,"self":3.1591099999999996,"total":218.2998496,"children":{"AgentInfo.ToProto":{"count":421803,"self":3.8305043999999997,"total":215.14073969999998,"children":{"GenerateSensorData":{"count":421803,"self":206.61728,"total":211.3102353,"children":{"RayPerceptionSensor.Perceive":{"count":421803,"self":4.6929544,"total":4.6929544,"children":null}}}}}}}}},"DecideAction":{"count":8436051,"self":2888.0060415999997,"total":2888.0060659,"children":null},"AgentAct":{"count":8436051,"self":12.5786856,"total":15.299654499999999,"children":{"AgentInfo.ToProto":{"count":5498,"self":0.0439677,"total":2.7209688,"children":{"GenerateSensorData":{"count":5498,"self":2.6109666,"total":2.6770011,"children":{"RayPerceptionSensor.Perceive":{"count":5498,"self":0.0660345,"total":0.0660345,"children":null}}}}}}},"AgentInfo.ToProto":{"count":6004,"self":0.059949499999999996,"total":2.9437222999999997,"children":{"GenerateSensorData":{"count":6004,"self":2.8058292,"total":2.8837728,"children":{"RayPerceptionSensor.Perceive":{"count":6004,"self":0.0779436,"total":0.0779436,"children":null}}}}}},"gauges":{"MediumPlayer.CumulativeReward":{"count":5893,"max":35,"min":-65,"runningAverage":-3.578826,"value":10,"weightedAverage":4.318459}},"metadata":{"timer_format_version":"0.1.0","start_time_seconds":"1669487285","unity_version":"2021.3.5f1","command_line_arguments":"D:\\Alan\\Arquivos de Programas\\Unity Editors\\2021.3.5f1\\Editor\\Unity.exe -projectpath D:\\Alan\\UnityProjects\\Just Another Sh'm'up -useHub -hubIPC -cloudEnvironment production -licensingIpc LicenseClient-Desktop -hubSessionId 73797010-6d90-11ed-a033-138ae14b1be6 -accessToken wMfL43aYqCWLj6HoZbL8qeu9spL4A2Hvh-4lMH3qqsM004f","communication_protocol_version":"1.5.0","com.unity.ml-agents_version":"2.0.1","scene_name":"MediumTraining4","end_time_seconds":"1669494302"}}